{"cameraMode":{"drawMode":0,"name":"Shaded","section":"Shading Mode"},"sceneLighting":true,"audioPlay":false,"sceneViewState":{"showFog":true,"showMaterialUpdate":false,"showSkybox":true,"showFlares":true,"showImageEffects":true,"showParticleSystems":true},"in2DMode":false,"pivot":{"x":-40.881500244140628,"y":-39.213134765625,"z":-144.4117431640625},"rotation":{"x":0.035695936530828479,"y":0.9637633562088013,"z":-0.2027096301317215,"w":0.16970637440681458},"size":218.98194885253907,"orthographic":false}