{"cameraMode":{"drawMode":0,"name":"Shaded","section":"Shading Mode"},"sceneLighting":true,"audioPlay":false,"sceneViewState":{"showFog":true,"showMaterialUpdate":false,"showSkybox":true,"showFlares":true,"showImageEffects":true,"showParticleSystems":true},"in2DMode":false,"pivot":{"x":-30.059999465942384,"y":10.827339172363282,"z":-49.599998474121097},"rotation":{"x":-0.38782307505607607,"y":0.23453150689601899,"z":-0.10272661596536637,"w":-0.8854983448982239},"size":134.5185089111328,"orthographic":false}