{"cameraMode":{"drawMode":0,"name":"Shaded","section":"Shading Mode"},"sceneLighting":true,"audioPlay":false,"sceneViewState":{"showFog":true,"showMaterialUpdate":false,"showSkybox":true,"showFlares":true,"showImageEffects":true,"showParticleSystems":true},"in2DMode":false,"pivot":{"x":-33.61119842529297,"y":10.650042533874512,"z":-33.46010208129883},"rotation":{"x":-0.03449617326259613,"y":0.9565244317054749,"z":-0.2604157328605652,"w":-0.12670691311359406},"size":17.896129608154298,"orthographic":false}